channel_id,created_at,authorId,content
1,"2023-03-01 10:10:10","1","World"
1,"2023-03-01 10:10:10","1","World"
1,"2023-03-01 10:10:10","1","World"
1,"2023-03-01 10:10:10","1","World"
1,"2023-03-01 10:10:10","1","World"
1,"2023-03-01 10:10:10","1","World"
1,"2023-03-01 10:10:10","1","World"
1,"2023-03-01 10:10:10","1","World"
1,"2023-03-01 10:10:10","1","World"
1,"2023-03-01 10:10:10","1","World"
2,"2023-03-01 10:10:10","1","World"
2,"2023-03-01 10:10:10","1","World"
2,"2023-03-01 10:10:10","1","World"
2,"2023-03-01 10:10:10","1","World"
2,"2023-03-01 10:10:10","1","World"
2,"2023-03-01 10:10:10","1","World"
2,"2023-03-01 10:10:10","1","World"
2,"2023-03-01 10:10:10","1","World"
2,"2023-03-01 10:10:10","1","World"
2,"2023-03-01 10:10:10","1","World"
3,"2023-03-01 10:10:10","1","World"
3,"2023-03-01 10:10:10","1","World"
3,"2023-03-01 10:10:10","1","World"
3,"2023-03-01 10:10:10","1","World"
3,"2023-03-01 10:10:10","1","World"
3,"2023-03-01 10:10:10","1","World"
3,"2023-03-01 10:10:10","1","World"
3,"2023-03-01 10:10:10","1","World"
3,"2023-03-01 10:10:10","1","World"
3,"2023-03-01 10:10:10","1","World"
4,"2023-03-01 10:10:10","1","World"
4,"2023-03-01 10:10:10","1","World"
4,"2023-03-01 10:10:10","1","World"
4,"2023-03-01 10:10:10","1","World"
4,"2023-03-01 10:10:10","1","World"
4,"2023-03-01 10:10:10","1","World"
4,"2023-03-01 10:10:10","1","World"
4,"2023-03-01 10:10:10","1","World"
4,"2023-03-01 10:10:10","1","World"
5,"2023-03-01 10:10:10","1","World"
5,"2023-03-01 10:10:10","1","World"
5,"2023-03-01 10:10:10","1","World"
5,"2023-03-01 10:10:10","1","World"
5,"2023-03-01 10:10:10","1","World"
5,"2023-03-01 10:10:10","1","World"
5,"2023-03-01 10:10:10","1","World"
5,"2023-03-01 10:10:10","1","World"
5,"2023-03-01 10:10:10","1","World"
5,"2023-03-01 10:10:10","1","World"